ID_Piece;Horodatage;Temp_Moule;Statut;Motif_Rebut;Emballe
PIECE-2026-0001;2026-09-26T17:38:41.470Z;185;Conforme;;Non
PIECE-2026-0002;2026-09-26T17:38:45.464Z;185;Conforme;;Non
PIECE-2026-0001;2026-09-26T17:38:41.470Z;185;Conforme;;Oui
PIECE-2026-0003;2026-09-26T17:38:49.464Z;185;Non-Conforme;Défaut simulé;Non
PIECE-2026-0002;2026-09-26T17:38:45.464Z;185;Conforme;;Oui
PIECE-2026-0004;2026-09-26T17:38:53.472Z;185;Conforme;;Non
PIECE-2026-0005;2026-09-26T17:38:57.464Z;185;Non-Conforme;Défaut simulé;Non
PIECE-2026-0004;2026-09-26T17:38:53.472Z;185;Conforme;;Oui
PIECE-2026-0006;2026-09-26T17:39:01.463Z;185;Conforme;;Non
PIECE-2026-0007;2026-09-26T17:39:05.047Z;185;Conforme;;Non
PIECE-2026-0006;2026-09-26T17:39:01.463Z;185;Conforme;;Oui
PIECE-2026-0008;2026-09-26T17:39:08.991Z;185;Conforme;;Non
PIECE-2026-0007;2026-09-26T17:39:05.047Z;185;Conforme;;Oui
PIECE-2026-0009;2026-09-26T17:39:12.990Z;185;Non-Conforme;Défaut simulé;Non
PIECE-2026-0008;2026-09-26T17:39:08.991Z;185;Conforme;;Oui
PIECE-2026-0010;2026-09-26T17:39:16.997Z;185;Non-Conforme;Défaut simulé;Non
PIECE-2026-0011;2026-09-26T17:39:21.008Z;185;Conforme;;Non
PIECE-2026-0012;2026-09-26T17:39:25.043Z;185;Conforme;;Non
PIECE-2026-0011;2026-09-26T17:39:21.008Z;185;Conforme;;Oui
PIECE-2026-0013;2026-09-26T17:39:29.052Z;185;Conforme;;Non
PIECE-2026-0012;2026-09-26T17:39:25.043Z;185;Conforme;;Oui
PIECE-2026-0014;2026-09-26T17:39:33.067Z;185;Non-Conforme;Défaut simulé;Non
PIECE-2026-0013;2026-09-26T17:39:29.052Z;185;Conforme;;Oui
PIECE-2026-0015;2026-09-26T17:39:37.095Z;185;Conforme;;Non
PIECE-2026-0016;2026-09-26T17:39:41.473Z;185;Conforme;;Non
PIECE-2026-0015;2026-09-26T17:39:37.095Z;185;Conforme;;Oui
PIECE-2026-0017;2026-09-26T17:39:45.470Z;185;Conforme;;Non
PIECE-2026-0016;2026-09-26T17:39:41.473Z;185;Conforme;;Oui
PIECE-2026-0018;2026-09-26T17:39:49.466Z;185;Non-Conforme;Défaut simulé;Non
PIECE-2026-0017;2026-09-26T17:39:45.470Z;185;Conforme;;Oui
PIECE-2026-0019;2026-09-26T17:39:53.472Z;185;Non-Conforme;Défaut simulé;Non
PIECE-2026-0020;2026-09-26T17:39:57.469Z;185;Conforme;;Non
PIECE-2026-0021;2026-09-26T17:40:01.467Z;185;Conforme;;Non
PIECE-2026-0020;2026-09-26T17:39:57.469Z;185;Conforme;;Oui
PIECE-2026-0022;2026-09-26T17:40:06.693Z;185;Conforme;;Non
PIECE-2026-0021;2026-09-26T17:40:01.467Z;185;Conforme;;Oui
PIECE-2026-0023;2026-09-26T17:40:10.464Z;185;Conforme;;Non
PIECE-2026-0022;2026-09-26T17:40:06.693Z;185;Conforme;;Oui
PIECE-2026-0024;2026-09-26T17:40:14.469Z;185;Non-Conforme;Défaut simulé;Non
PIECE-2026-0023;2026-09-26T17:40:10.464Z;185;Conforme;;Oui
PIECE-2026-0025;2026-09-26T17:40:18.957Z;185;Conforme;;Non
PIECE-2026-0026;2026-09-26T17:40:22.904Z;185;Conforme;;Non
PIECE-2026-0025;2026-09-26T17:40:18.957Z;185;Conforme;;Oui
PIECE-2026-0027;2026-09-26T17:40:26.908Z;185;Conforme;;Non
PIECE-2026-0026;2026-09-26T17:40:22.904Z;185;Conforme;;Oui
PIECE-2026-0028;2026-09-26T17:40:30.909Z;185;Conforme;;Non
PIECE-2026-0027;2026-09-26T17:40:26.908Z;185;Conforme;;Oui
PIECE-2026-0029;2026-09-26T17:40:34.914Z;185;Conforme;;Non
PIECE-2026-0028;2026-09-26T17:40:30.909Z;185;Conforme;;Oui
PIECE-2026-0030;2026-09-26T17:40:38.921Z;185;Conforme;;Non
PIECE-2026-0029;2026-09-26T17:40:34.914Z;185;Conforme;;Oui
PIECE-2026-0031;2026-09-26T17:41:01.502Z;178;Conforme;;Non
PIECE-2026-0030;2026-09-26T17:40:38.921Z;185;Conforme;;Oui
PIECE-2026-0032;2026-09-26T17:41:05.466Z;178;Conforme;;Non
PIECE-2026-0031;2026-09-26T17:41:01.502Z;178;Conforme;;Oui
PIECE-2026-0033;2026-09-26T17:41:09.549Z;178;Conforme;;Non
PIECE-2026-0032;2026-09-26T17:41:05.466Z;178;Conforme;;Oui
PIECE-2026-0034;2026-09-26T17:41:14.470Z;178;Conforme;;Non
PIECE-2026-0033;2026-09-26T17:41:09.549Z;178;Conforme;;Oui
PIECE-2026-0035;2026-09-26T17:41:18.476Z;178;Conforme;;Non
PIECE-2026-0034;2026-09-26T17:41:14.470Z;178;Conforme;;Oui
PIECE-2026-0036;2026-09-26T17:41:22.467Z;178;Non-Conforme;Défaut simulé;Non
PIECE-2026-0035;2026-09-26T17:41:18.476Z;178;Conforme;;Oui
PIECE-2026-0037;2026-09-26T17:41:26.464Z;178;Conforme;;Non
PIECE-2026-0038;2026-09-26T17:41:30.473Z;178;Non-Conforme;Défaut simulé;Non
PIECE-2026-0037;2026-09-26T17:41:26.464Z;178;Conforme;;Oui
PIECE-2026-0039;2026-09-26T17:41:34.464Z;178;Conforme;;Non
PIECE-2026-0040;2026-09-26T17:41:38.465Z;178;Conforme;;Non
PIECE-2026-0039;2026-09-26T17:41:34.464Z;178;Conforme;;Oui
PIECE-2026-0041;2026-09-26T17:41:42.494Z;178;Conforme;;Non
PIECE-2026-0040;2026-09-26T17:41:38.465Z;178;Conforme;;Oui
PIECE-2026-0042;2026-09-26T17:41:46.474Z;178;Non-Conforme;Défaut simulé;Non
PIECE-2026-0041;2026-09-26T17:41:42.494Z;178;Conforme;;Oui
PIECE-2026-0043;2026-09-26T17:41:51.469Z;178;Conforme;;Non
PIECE-2026-0044;2026-09-26T17:41:55.238Z;178;Non-Conforme;Défaut simulé;Non
PIECE-2026-0043;2026-09-26T17:41:51.469Z;178;Conforme;;Oui
PIECE-2026-0045;2026-09-26T17:41:59.212Z;178;Conforme;;Non
PIECE-2026-0046;2026-09-26T17:42:03.195Z;178;Conforme;;Non
PIECE-2026-0045;2026-09-26T17:41:59.212Z;178;Conforme;;Oui
PIECE-2026-0047;2026-09-26T17:42:07.498Z;178;Non-Conforme;Défaut simulé;Non
PIECE-2026-0046;2026-09-26T17:42:03.195Z;178;Conforme;;Oui
PIECE-2026-0048;2026-09-26T17:42:11.467Z;178;Conforme;;Non
PIECE-2026-0049;2026-09-26T17:42:15.482Z;178;Conforme;;Non
PIECE-2026-0048;2026-09-26T17:42:11.467Z;178;Conforme;;Oui
PIECE-2026-0050;2026-09-26T17:42:20.465Z;178;Non-Conforme;Défaut simulé;Non
PIECE-2026-0049;2026-09-26T17:42:15.482Z;178;Conforme;;Oui
PIECE-2026-0051;2026-09-26T17:42:24.482Z;178;Non-Conforme;Défaut simulé;Non
PIECE-2026-0052;2026-09-26T17:42:28.477Z;178;Non-Conforme;Défaut simulé;Non
